{
	"sources" : 
	[
		{
			"file" : "C:/Users/chaud/nrf52-ble-beacon/build_3/_sysbuild/sysbuild/images/CMakeFiles/nrf52-ble-beacon"
		},
		{
			"file" : "C:/Users/chaud/nrf52-ble-beacon/build_3/_sysbuild/sysbuild/images/CMakeFiles/nrf52-ble-beacon.rule"
		},
		{
			"file" : "C:/Users/chaud/nrf52-ble-beacon/build_3/_sysbuild/sysbuild/images/CMakeFiles/nrf52-ble-beacon-complete.rule"
		},
		{
			"file" : "C:/Users/chaud/nrf52-ble-beacon/build_3/_sysbuild/sysbuild/images/nrf52-ble-beacon-prefix/src/nrf52-ble-beacon-stamp/nrf52-ble-beacon-build.rule"
		},
		{
			"file" : "C:/Users/chaud/nrf52-ble-beacon/build_3/_sysbuild/sysbuild/images/nrf52-ble-beacon-prefix/src/nrf52-ble-beacon-stamp/nrf52-ble-beacon-configure.rule"
		},
		{
			"file" : "C:/Users/chaud/nrf52-ble-beacon/build_3/_sysbuild/sysbuild/images/nrf52-ble-beacon-prefix/src/nrf52-ble-beacon-stamp/nrf52-ble-beacon-download.rule"
		},
		{
			"file" : "C:/Users/chaud/nrf52-ble-beacon/build_3/_sysbuild/sysbuild/images/nrf52-ble-beacon-prefix/src/nrf52-ble-beacon-stamp/nrf52-ble-beacon-install.rule"
		},
		{
			"file" : "C:/Users/chaud/nrf52-ble-beacon/build_3/_sysbuild/sysbuild/images/nrf52-ble-beacon-prefix/src/nrf52-ble-beacon-stamp/nrf52-ble-beacon-mkdir.rule"
		},
		{
			"file" : "C:/Users/chaud/nrf52-ble-beacon/build_3/_sysbuild/sysbuild/images/nrf52-ble-beacon-prefix/src/nrf52-ble-beacon-stamp/nrf52-ble-beacon-patch.rule"
		},
		{
			"file" : "C:/Users/chaud/nrf52-ble-beacon/build_3/_sysbuild/sysbuild/images/nrf52-ble-beacon-prefix/src/nrf52-ble-beacon-stamp/nrf52-ble-beacon-update.rule"
		}
	],
	"target" : 
	{
		"labels" : 
		[
			"nrf52-ble-beacon"
		],
		"name" : "nrf52-ble-beacon"
	}
}